{
  "providers": [
    {
      "id": "PROV-001",
      "name": "Sunway Medical Centre",
      "type": "Hospital",
      "address": "5, Jalan Lagoon Selatan, Bandar Sunway",
      "city": "Petaling Jaya",
      "state": "Selangor",
      "phone": "+603-7491 9191",
      "email": "customercare@sunway.com.my",
      "specialties": ["Cardiology", "Oncology", "Orthopedics", "Neurology"],
      "rating": 4.8,
      "coordinates": { "lat": 3.0672, "lng": 101.6054 }
    },
    {
      "id": "PROV-002",
      "name": "Gleneagles Hospital Kuala Lumpur",
      "type": "Hospital",
      "address": "286 & 288, Jalan Ampang",
      "city": "Kuala Lumpur",
      "state": "Wilayah Persekutuan",
      "phone": "+603-4141 3000",
      "email": "customerservice@gleneagleskl.com.my",
      "specialties": ["Cardiology", "Gastroenterology", "Women's Health", "Pediatrics"],
      "rating": 4.7,
      "coordinates": { "lat": 3.1615, "lng": 101.7383 }
    },
    {
      "id": "PROV-003",
      "name": "Pantai Hospital Kuala Lumpur",
      "type": "Hospital",
      "address": "8, Jalan Bukit Pantai",
      "city": "Kuala Lumpur",
      "state": "Wilayah Persekutuan",
      "phone": "+603-2296 0888",
      "email": "enquiry@pantai.com.my",
      "specialties": ["General Surgery", "ENT", "Dermatology", "Urology"],
      "rating": 4.6,
      "coordinates": { "lat": 3.1146, "lng": 101.6706 }
    },
    {
      "id": "PROV-004",
      "name": "Prince Court Medical Centre",
      "type": "Hospital",
      "address": "39, Jalan Kia Peng",
      "city": "Kuala Lumpur",
      "state": "Wilayah Persekutuan",
      "phone": "+603-2160 0000",
      "email": "enquiry@princecourt.com",
      "specialties": ["Oncology", "Cardiology", "Neurosurgery", "Rehabilitation"],
      "rating": 4.9,
      "coordinates": { "lat": 3.1530, "lng": 101.7176 }
    },
    {
      "id": "PROV-005",
      "name": "KPJ Damansara Specialist Hospital",
      "type": "Hospital",
      "address": "119, Jalan SS 20/10, Damansara Utama",
      "city": "Petaling Jaya",
      "state": "Selangor",
      "phone": "+603-7718 1000",
      "email": "dshenquiry@kpjdamansara.com",
      "specialties": ["Orthopedics", "Spine Surgery", "Sports Medicine", "Radiology"],
      "rating": 4.5,
      "coordinates": { "lat": 3.1313, "lng": 101.6237 }
    },
    {
      "id": "PROV-006",
      "name": "Columbia Asia Hospital - Cheras",
      "type": "Hospital",
      "address": "Lot 20692, Jalan Lawan, Taman Pertama",
      "city": "Cheras",
      "state": "Selangor",
      "phone": "+603-9145 2888",
      "email": "cheras@columbiaasia.com",
      "specialties": ["Emergency Care", "General Medicine", "Pediatrics", "Obstetrics"],
      "rating": 4.4,
      "coordinates": { "lat": 3.0908, "lng": 101.7483 }
    },
    {
      "id": "PROV-007",
      "name": "Klinik Kesihatan Bangsar",
      "type": "Clinic",
      "address": "Jalan Maarof, Bangsar",
      "city": "Kuala Lumpur",
      "state": "Wilayah Persekutuan",
      "phone": "+603-2282 7166",
      "email": "kkbangsar@moh.gov.my",
      "specialties": ["General Practice", "Preventive Care", "Vaccinations"],
      "rating": 4.2,
      "coordinates": { "lat": 3.1295, "lng": 101.6718 }
    },
    {
      "id": "PROV-008",
      "name": "Klinik Primer Setapak",
      "type": "Clinic",
      "address": "12, Jalan Setapak, Taman Sri Rampai",
      "city": "Kuala Lumpur",
      "state": "Wilayah Persekutuan",
      "phone": "+603-4142 5588",
      "email": "kliniksetapak@mail.com",
      "specialties": ["General Practice", "Minor Procedures", "Health Screening"],
      "rating": 4.0,
      "coordinates": { "lat": 3.1893, "lng": 101.7147 }
    },
    {
      "id": "PROV-009",
      "name": "Klinik 24 Jam Ampang",
      "type": "Clinic",
      "address": "25, Jalan Ampang, Taman Ampang Hilir",
      "city": "Kuala Lumpur",
      "state": "Wilayah Persekutuan",
      "phone": "+603-4252 8899",
      "email": "klinik24ampang@mail.com",
      "specialties": ["Emergency Care", "General Practice", "After-hours Care"],
      "rating": 4.3,
      "coordinates": { "lat": 3.1588, "lng": 101.7537 }
    },
    {
      "id": "PROV-010",
      "name": "Klinik Keluarga Cheras",
      "type": "Clinic",
      "address": "88, Jalan Cheras, Taman Midah",
      "city": "Cheras",
      "state": "Kuala Lumpur",
      "phone": "+603-9131 7722",
      "email": "klinikkeluarga@mail.com",
      "specialties": ["Family Medicine", "Pediatrics", "Geriatrics"],
      "rating": 4.1,
      "coordinates": { "lat": 3.0981, "lng": 101.7305 }
    },
    {
      "id": "PROV-011",
      "name": "Dr. Specialist Eye Centre",
      "type": "Specialist",
      "address": "Level 5, Wisma UOA II, Jalan Pinang",
      "city": "Kuala Lumpur",
      "state": "Wilayah Persekutuan",
      "phone": "+603-2166 5588",
      "email": "dreyecentre@specialist.com.my",
      "specialties": ["Ophthalmology", "LASIK", "Cataract Surgery", "Glaucoma"],
      "rating": 4.7,
      "coordinates": { "lat": 3.1512, "lng": 101.7089 }
    },
    {
      "id": "PROV-012",
      "name": "TMC Fertility Centre",
      "type": "Specialist",
      "address": "Level 2, Thomson Hospital Kota Damansara",
      "city": "Petaling Jaya",
      "state": "Selangor",
      "phone": "+603-6141 7166",
      "email": "enquiry@tmcfertility.com",
      "specialties": ["Fertility Treatment", "IVF", "Reproductive Medicine"],
      "rating": 4.8,
      "coordinates": { "lat": 3.1579, "lng": 101.5867 }
    },
    {
      "id": "PROV-013",
      "name": "Klinik Pakar Kulit Dr. Sham",
      "type": "Specialist",
      "address": "Suite 12-03, Menara Hap Seng, Jalan P. Ramlee",
      "city": "Kuala Lumpur",
      "state": "Wilayah Persekutuan",
      "phone": "+603-2031 8899",
      "email": "drsham.derm@specialist.com.my",
      "specialties": ["Dermatology", "Cosmetic Dermatology", "Skin Cancer"],
      "rating": 4.5,
      "coordinates": { "lat": 3.1498, "lng": 101.7107 }
    },
    {
      "id": "PROV-014",
      "name": "Klinik Ortopedik Specialists",
      "type": "Specialist",
      "address": "Level 3, Menara IMC, 8 Jalan Sultan Ismail",
      "city": "Kuala Lumpur",
      "state": "Wilayah Persekutuan",
      "phone": "+603-2732 5566",
      "email": "ortho@imcspecialist.com.my",
      "specialties": ["Orthopedics", "Sports Medicine", "Joint Replacement"],
      "rating": 4.6,
      "coordinates": { "lat": 3.1523, "lng": 101.7047 }
    },
    {
      "id": "PROV-015",
      "name": "Island Hospital Penang",
      "type": "Hospital",
      "address": "308, Macalister Road",
      "city": "Georgetown",
      "state": "Penang",
      "phone": "+604-228 8222",
      "email": "enquiry@islandhospital.com",
      "specialties": ["Cardiology", "Oncology", "Neurology", "Orthopedics"],
      "rating": 4.7,
      "coordinates": { "lat": 5.4164, "lng": 100.3183 }
    },
    {
      "id": "PROV-016",
      "name": "KPJ Ampang Puteri Specialist Hospital",
      "type": "Hospital",
      "address": "1, Jalan Mamanda 9, Taman Dato Ahmad Razali",
      "city": "Ampang",
      "state": "Selangor",
      "phone": "+603-4270 2500",
      "email": "apsh@kpjhealth.com.my",
      "specialties": ["General Surgery", "Gastroenterology", "Urology", "Pediatrics"],
      "rating": 4.5,
      "coordinates": { "lat": 3.1456, "lng": 101.7614 }
    }
  ]
}
